,first_unstr,LysM_first,second_unstr,LysM_second,third_unstr,LysM_third,fourth_unstr
TRF_1,MAIFFFPSISHALFVAFMLFFLTNISAQPLQISETNFSCKADSPPSCETYV,TYFAKSSNFLSLTNISDIFDMSPLSIAKASNIEDEDKKLIQGQVLLV,PVTCGCARNRYFANF,TYTIKLGDNYFIVSTTQYQNLTNSKEMEDFNPNLSPNLLPQDIKVVV,PLFCKCPSKNQLNKGIKYLI,TYVWQANDNITLVSSKFGASQADMFAENSQKFTAETNVPILI,PVTKLPELDQPSSNGGKSSIQKLPVIIGISLGSIFFIVVLTVSLVYVYCLKRKRLNR
TRF_2,MPIFFLPSSSHALFLAFMLFFLTNISAQPLQISETNFSCTANSPPSCDTYV,TYFAKSPNFLSLTNISDIFDMSPLSISKASNIEDEDKKLIQGQVLLV,PVTCGCARNRYFANF,TYTIKLGDNYFIVSTTQYQNLTNSKEMEDFNPNLSPNLLPQDIKVVV,PLFCKCPSKNQLNKGIKYLI,TYVWQANDNITLVSSKFGASEADMFAENSQKFTAETNVPILI,PVTKLPELDQPSSNGRKSSLQKLPVIIGISLGSVFFIAVLTLSLVYVYCIKLKRLNR
TRF_3,MAIFFFPSISHALFVAFMLFFLTNISAQPLQISETNFSCKADSPPSCETYV,TYFAKSSNFLSLTNISDIFDMSPLSIAKASNIEDEDKKLIQGQVLLV,PVTCGCARNRYFANF,TYTIKLGDNYFIVSTNQYQNLTNYKEMEDFNPNLSPNLLPQDIKIVV,PLFCKCPSKNQLNKGIKYLI,TYVWQANDNITLVSSKFGASQADMFAENSQKFTAETNVPILI,PVTKLPELDQPSSNGGKSSIQKLPVIIGISLGSIFFIVVLTVSLVYVYCLKRKRLNR
TRF_4,MPIFFLPSSSHALFLAFMLFFLTNISAQPLQISETNFSCTANSPPSCDTYV,TYFAKSPNFLSLTNISDIFDMSPLSIAKASNIEDEDKKLIQGQVLLV,PVTCGCARNRYFANF,TYTIKLGDNYFIVSTNQYQNLTNYKEMEDFNPNLSPNLLPQDIKIVV,PLFCKCPSKNQLNKGIKYLI,TYVWQANDNITLVSSKFGASEADMFAENSQKFTAETNVPILI,PVTKLPELDQPSSNGRKSSLQKLPVIIGISLGSVFFIAVLTLSLVYVYCIKLKRLNR
TRF_5,MPIFFLPSSSYALFLAFMLFFLTNISAQPLQISETNFSCTANSPPSCDTYV,TYFAKSPNFLSLTNISDIFDMSPLSISKASNIEDEDKKLIQGQVLLV,PVTCGCARNRYFANF,TYTIKLGDNYFIVSTTQYQNLTNSKEMEDFNPNLSPNLLPQDIKVVV,PLFCKCPSKNQLNKGIKYLI,TYVWQANDNITLVSSKFGASQADMFAENSQKFTAETNVPILI,PVTKLPELDQPSSNGGKSSIQKLPVIIGISLGSIFFIVVLTVSLVYVYCLKRKRLNR
TRF_6,MPIFFLPSSSYALFLAFMLFFLTNISAQPLQISETNFSCTANSPPSCDTYV,TYFAKSTNFLSLTNISDIFDMSPLSISKASNIEDEDKKLIQGQVLLV,PVTCGCARNRYFANF,TYTIKLGDNYFIVSTTQYQNLTNSKEMEDFNPNLSPNLLPQDIKVVV,PLFCKCPSKNQLNKGIKYLI,TYVWQANDNITLVSSKFGASQADMFAENSQKFTAETNVPILI,PVTKLPELDQPSSNGGKSSIQKLPVIIGISLGSIFFIAVLTLSLVYVYCIKLKRLNR
TRF_7,MAIFFFPSISHALFVAFMLFFLTNISAQPLQISETNFSCKADSPPSCETYV,TYFAKSSNFLSLTNISDIFDMSPLSIAKASNIEDEDKKLIQGQVLLV,PVTCGCARNRYFANF,TYTIKLGDNYFIVSTNQYQNLTNYKEMEDFNPNLSPNLLPQDIKIVV,PLFCKCPSKNQLNKGIKYLI,TYVWQANDNITLVSSKFGASEADMFAENSQKFTAETNVPILI,PVTKLPELDQPSSNGRKSSLQKLPVIIGISLGSVFFIAVLTLSLVYVYCIKLKRLNR
TRF_8,MAIFFFPSISHALFVAFMLFFLTNISAQPLQISETNFSCKADSPPSCETYV,TYFAKSSNFLSLANISDIFDMSPLSIAKASNIEDEDKKLIQGQVLLV,PVTCGCARNRYFANF,TYTIKLGDNYFIVSTNQYQNLTNYKEMEDFNPNLSPNLLPQDIKIVV,PLFCKCPSKNQLNKGIKYLI,TYVWQANDNITLVSSKFGASEADMFAENSQKFTAETNVPILI,PVTKLPELDQPSSNGRKSSLQKLPVIIGISLGSVFFIAVLTLSLVYVYCIKLKRLNR
TRF_9,MAIFFFPSISHALFVAFMLFFLTNISAQPLQISETNFSCKADSPPSCETYV,TYFAKSSNFLSLTNISDIFDMSPLSIAKASNIEDEDKKLIQGQVLLV,PVTCGCARNRYFANF,TYTIKLGDNYFIVSTNQYQNLTNYKEMEDFNPNLSPNLLPQDIKIVV,PLFCKCPSKNQLNKGIKYLI,TYVWQANDNITLVSSKFGASEADMFAENSQKFTAETNVPILI,PVTKLPELDQPSSNGRKSSLQKLPVIIGISLGSVFFIAVLTLSLVYVYCIKLKRLNR
TRF_10,MAIFFFPSISHALFVAFMLFFLTNISAQPLQISETNFSCKADSPPSCETYV,TYFAKSSNFLSLANISDIFDMSPLSIAKASNIEDEDKKLIQGQVLLV,PVTCGCARNRYFANF,TYTIKLGDNYFIVSTNQYQNLTNYKEMEDFNPNLSPNLLPQDIKIVV,PLFCKCPSKNQLNKGIKYLI,TYVWQANDNITLVSSKFGASEADMFAENSQKFTAETNVPILI,PVTKLPELDQPSSNGRKSSLQKLPVIIGISLGSVFFIAVLTLSLVYVYCIKLKRLNR
TRF_11,MAIFFFPSISHALFVAFMLFFLTNISAQPLQISETNFSCKADSPPSCETYV,TYFAKSSNFLSLANISDIFDMSPLSIAKASNIEDEDKKLIQGQVLLV,PVTCGCARNRYFANF,TYTIKLGDNYFIVSTNQYQNLTNYKEMEDFNPNLSPNLLPQDIKIVV,PLFCKCPSKNQLNKGIKYLI,TYVWQANDNITLVSSKFGASQADMFAENSQKFTAETNVPILI,PVTKLPELDQPSSNGGKSSIQKLPVIIGISLGSIFFIVVLTVSLVYVYCLKRKRLNR
TRF_12,MAIFFFPSISHALFVAFMLFFLTNISAQPLQISETNFSCKADSPPSCETYV,TYFAKSSNFLSLTNISDIFDMSPLSIAKASNIEDEDKKLIQGQVLLV,PVTCGCARNRYFANF,TYTIKLGDNYFIVSTNQYQNLTNYKEMEDFNPNLSPNLLPQDIKIVV,PLFCKCPSKNQLNKGIKYLI,TYVWQANDNITLVSSKFGASEADMFAENSQKFTAETNVPILI,PVTKLPELDQPSSNGRKSSLQKLPVIIGISLGSVFFIAVLTLSLVYVYCIKLKRLNR
TRF_13,MPIFFLPSSSHALFLAFMLFFLTNISAQPLQISETNFSCTANSPPSCDTYV,TYFAKSPNFLSLTNISDIFDMSPLSISKASNIEDEDKKLIQGQVLLV,PVTCGCARNRYFANF,TYTIKLGDNYFIVSTTQYQNLTNSKEMEDFNPNLSPNLLPQDIKVVV,PLFCKCPSKNQLNKGIKYLI,TYVWQANDNITLVSSKFGASQADMFAENSQKFTAETNVPILI,PVTKLPELDQPSSNGGKSSIQKLPVIIGISLGSIFFIVVLTVSLVYVYCLKRKRLNR
TRF_14,MAIFFFPSISHALFVAFMLFFLTNISAQPLQISETNFSCKADSPPSCETYV,TYFAKSSNFLSLANISDIFDMSPLSIAKASNIEDEDKKLIQGQVLLV,PVTCGCARNRYFANF,TYTIKLGDNYFIVSTNQYQNLTNYKEMEDFNPNLSPNLLPQDIKIVV,PLFCKCPSKNQLNKGIKYLI,TYVWQANDNITLVSSKFGASEADMFAENSQKFTAETNVPILI,PVTKLPELDQPSSNGRKSSLQKLPVIIGISLGSVFFIAVLTLSLVYVYCIKLKRLNR
TRF_15,MAIFFFPSISHALFVAFMLFFLTNISAQPLQISETNFSCKADSPPSCETYV,TYFAKSSNFLSLTNISDIFDMSPLSIAKASNIEDEDKKLIQGQVLLV,PVTCGCARNRYFANF,TYTIKLGDNYFIVSTNQYQNLTNYKEMEDFNPNLSPNLLPQDIKIVV,PLFCKCPSKNQLNKGIKYLI,TYVWQANDNITLVSSKFGASEADMFAENSQKFTAETNVPILI,PVTKLPELDQPSSNGRKSSLQKLPVIIGISLGSVFFIAVLTLSLVYVYCIKLKRLNR
TRF_16,MAIFFFPSISHALFVAFMLFFLTNISAQPLQISETNFSCKADSPPSCETYV,TYFAKSSNFLSLTNISDIFDMSPLSIAKASNIEDEDKKLIQGQVLLV,PVTCGCARNRYFANF,TYTIKLGDNYFIVSTNQYQNLTNYKEMEDFNPNLSPNLLPQDIKIVV,PLFCKCPSKNQLNKGIKYLI,TYVWQANDNITLVSSKFGASEADMFAENSQKFTAETNVPILI,PVTKLPELDQPSSNGRKSSLQKLPVIIGISLGSVFFIAVLTLSLVYVYCIKLKRLNR
TRF_17,MAIFFFPSISHALFVAFMLFFLTNISAQPLQISETNFSCKADSPPSCETYV,TYFAKSSNFLSLTNISDIFDMSPLSISKASNIEDEDKKLIQGQVLLV,PVTCGCARNRYFANF,TYTIKLGDNYFIVSTTQYQNLTNSKEMEDFNPNLSPNLLPQDIKVVV,PLFCKCPSKNQLNKGIKYLI,TYVWQANDNITLVSSKFGASQADMFAENSQKFTAETNVPILI,PVTKLPELDQPSSNGGKSSIQKLPVIIGISLGSIFFIVVLTVSLVYVYCLKRKRLNR
TRF_18,MAIFFFPSISHALFVAFMLFFLTNISAQPLQISETNFSCKADSPPSCETYV,TYFAKSSNFLSLTNISDIFDMSPLSIAKASNIEDEDKKLIQGQVLLV,PVTCGCARNRYFANF,TYTIKLGDNYFIVSTNQYQNLTNYKEMEDFNPNLSPNLLPQDIKIVV,PLFCKCPSKNQLNKGIKYLI,TYVWQANDNITLVSSKFGASEADMFAENSQKFTAETNVPILI,PVTKLPELDQPSSNGRKSSLQKLPVIIGISLGSVFFIAVLTLSLVYVYCIKLKRLNR
TRF_19,MAIFFFPSISHALFVAFMLFFLTNISAQPLQISETNFSCKADSPPSCETYV,TYFAKSSNFLSLTNISDIFDMSPLSIAKASNIEDEDKKLIQGQVLLV,PVTCGCARNRYFANF,TYTIKLGDNYFIVSTNQYQNLTNYKEMEDFNPNLSPNLLPQDIKIVV,PLFCKCPSKNQLNKGIKYLI,TYVWQANDNITLVSSKFGASEADMFAENSQKFTAETNVPILI,PVTKLPELDQPSSNGRKSSLQKLPVIIGISLGSVFFIAVLTLSLVYVYCIKLKRLNR
TRF_20,MAIFFFPSISHALFVAFMLFFLTNISAQPLQISETNFSCKADSPPSCETYV,TYFAKSSNFLSLTNISDIFDMSPLSIAKASNIEDEDKKLIQGQVLLV,PVTCGCARNRYFANF,TYTIKLGDNYFIVSTNQYQNLTNYKEMEDFNPNLSPNLLPQDIKIVV,PLFCKCPSKNQLNKGIKYLI,TYVWQANDNITLVSSKFGASEADMFAENSQKFTAETNVPILI,PVTKLPELDQPSSNGRKSSLQKLPVIIGISLGSVFFIAVLTLSLVYVYCIKLKRLNR
TRF_21,MAIFFFPSISHALFVAFMLFFLTNISAQPLQISETNFSCKADSPPSCDTYV,TYFAKSPNFLSLTNISDIFDMSPLSISKASNIEDEDKKLIQGQVLLV,PVTCGCARNRYFANF,TYTIKLGDNYFIVSTTQYQNLTNSKEMEDFNPNLSPNLLPQDIKVVV,PLFCKCPSKNQLNKGIKYLI,TYVWQANDNITLVSSKFGASQADMFAENSQKFTAETNVPILI,PVTKLPELDQPSSNGGKSSIQKLPVIIGISLGSIFFIVVLTVSLVYVYCLKRKRLNR
TRF_22,MAIFFFPSISHALFVAFMLFFLTNISAQPLQISETNFSCKADSPPSCETYV,TYFAKSSNFLSLTNISDIFDMSPLSIAKASNIEDEDKKLIQGQVLLV,PVTCGCARNRYFANF,TYTIKLGDNYFIVSTNQYQNLTNYKEMEDFNPNLSPNLLPQDIKIVV,PLFCKCPSKNQLNKGIKYLI,TYVWQANDNITLVSSKFGASQADMFAENSQKFTAETNVPILI,PVTKLPELDQPSSNGGKSSIQKLPVIIGISLGSIFFIVVLTVSLVYVYCLKRKRLNR
TRF_23,MPIFFLPSSSHALFLAFMLFFLTNISAQPLQISETNFSCTANSPPSCDTYV,TYFAKSPNFLSLTNISDIFDMSPLSISKASNIEDEDKKLIQGQVLLV,PVTCGCARNRYFANF,TYTIKLGDNYFIVSTTQYQNLTNSKEMEDFNPNLSPNLLPQDIKVVV,PLFCKCPSKNQLNKGIKYLI,TYVWQANDNITLVSSKFGASQADMFAENSQKFTAETNVPILI,PVTKLPELDQPSSNGGKSSIQKLPVIIGISLGSIFFIVVLTVSLVYVYCLKRKRLNR
TRF_24,MPIFFLPSSSHALFLAFMLFFLTNISAQPLQISETNFSCTANSPPSCDTYV,TYFAKSPNFLSLTNISDIFDMSPLSISKASNIEDEDKKLIQGQVLLV,PVTCGCARNRYFANF,TYTIKLGDNYFIVSTTQYQNLTNSKEMEDFNPNLSPNLLPQDIKVVV,PLFCKCPSKNQLNKGIKYLI,TYVWQANDNITLVSSKFGASEADMFAENSQKFTAETNVPILI,PVTKLPELDQPSSNGRKSSLQKLPVIIGISLGSVFFIAVLTLSLVYVYCIKLKRLNR
TRF_25,MPIFFLPSSSHALFLAFMLFFLTNISAQPLQISETNFSCTANSPPSCDTYV,TYFAKSPNFLSLTNISDIFDMSPLSISKASNIEDEDKKLIQGQVLLV,PVTCGCARNRYFANF,TYTIKLGDNYFIVSTTQYQNLTNSKEMEDFNPNLSPNLLPQDIKVVV,PLFCKCPSKNQLNKGIKYLI,TYVWQANDNITLVSSKFGASQADMFAENSQKFTAETNVPILI,PVTKLPELDQPSSNGGKSSIQKLPVIIGISLGSIFFIVVLTVSLVYVYCLKRKRLNR
TRF_26,MAIFFFPSISHALFVAFMLFFLTNISAQPLQISETNFSCKADSPPSCETYV,TYFAKSSNFLSLTNISDIFDMSPLSIAKASNIEDEDKKLIQGQVLLV,PVTCGCARNRYFANF,TYTIKLGDNYFIVSTNQYQNLTNYKEMEDFNPNLSPNLLPQDIKIVV,PLFCKCPSKNQLNKGIKYLI,TYVWQANDNITLVSSKFGASQADMFAENSQKFTAETNVPILI,PVTKLPELDQPSSNGRKSSLQKLPVIIGISLGSVFFIAVLTVSLVYVYCLKRKRLNR
TRF_27,MAIFFFPSISHALFVAFMLFFLTNISAQPLQISETNFSCKADSPPSCETYV,TYFAKSSNFLSLTNISDIFDMSPLSIAKASNIEDEDKKLIQGQVLLV,PVTCGCARNRYFANF,TYTIKLGDNYFIVSTNQYQNLTNYKEMEDFNPNLSPNLLPQDIKIVV,PLFCKCPSKNQLNKGIKYLI,TYVWQANDNITLVSSKFGASEADMFAENSQKFTAETNVPILI,PVTKLPELDQPSSNGRKSSLQKLPVIIGISLGSVFFIAVLTLSLVYVYCIKLKRLNR
TRF_28,MAIFFFPSISHALFVAFMLFFLTNISAQPLQISETNFSCKADSPPSCETYV,TYFAKSSNFLSLTNISDIFDMSPLSIAKASNIEDEDKKLIQGQVLLV,PVTCGCARNRYFANF,TYTIKLGDNYFIVSTNQYQNLTNYKEMEDFNPNLSPNLLPQDIKIVV,PLFCKCPSKNQLNKGIKYLI,TYVWQANDNITLVSSKFGASEADMFAENSQKFTAETNVPILI,PVTKLPELDQPSSNGRKSSLQKLPVIIGISLGSVFFIAVLTLSLVYVYCIKLKRLNR
TRF_29,MAIFFFPSISHALFVAFMLFFLTNISAQPLQISETNFSCKADSPPSCETYV,TYFAKSSNFLSLTNISDIFDMSPLSIAKASNIEDEDKKLIQGQVLLV,PVTCGCARNRYFANF,TYTIKLGDNYFIVSTNQYQNLTNYKEMEDFNPNLSPNLLPQDIKIVV,PLFCKCPSKNQLNKGIKYLT,TYVWQANDNITLVSSKFGASEADMFAENSQKFTAETNVPILI,PVTKLPELDQPSSNGRKSSLQKLPVIIGISLGSVFFIAVLTLSLVYVYCIKLKRLNR
TRF_30,MAIFFFPSISHALFVAFMLFFLTNISAQPLQISETNFSCKADSPPSCETYV,TYFAKSSNFLSLTNISDIFDMSPLSIAKASNIEDEDKKLIQGQVLLV,PVTCGCARNRYFANF,TYTIKLGDNYFIVSTNQYQNLTNYKEMEDFNPNLSPNLLPQDIKIVV,PLFCKCPSKNQLNKGIKYLI,TYVWQANDNITLVSSKFGASEADMFAENSQKFTAETNVPILI,PVTKLPELDQPSSNGRKSSLQKLPVIIGISLGSVFFIVVLTVSLVYVYCLKRKRLNR
TRF_31,MPIFFLPSSSHALFLAFMLFFLTNISAQPLQISETNFSCTANSPPSCDTYV,TYFAKSPNFLSLTNISDIFDMSPLSISKASNIEDEDKKLIQGQVLLV,PVTCGCARNRYFANF,TYTIKLGDNYFIVSTTQYQNLTNSKEMEDFNPNLSPNLLPQDIKVVV,PLFCKCPSKNQLNKGIKYLI,TYVWQANDNITLVSSKFGASQADMFAENSQKFTAETNVPILI,PVTKLPELDQPSSNGGKSSIQKLPVIIGISLGSIFFIVVLTVSLVYVYCLKRKRLNR
TRF_32,MAIFFFPSISHALFVAFMLFFLTNISAQPLQISETNFSCKADSPPSCETYV,TYFAKSSNFLSLANISDIFDMSPLSIAKASNIEDEDKKLIQGQVLLV,PVTCGCARNRYFANF,TYTIKLGDNYFIVSTNQYQNLTNYKEMEDFNPNLSPNLLPQDIKIVV,PLFCKCPSKNQLNKGIKYLI,TYVWQANDNITLVSSKFGASEADMFAENSQKFTAETNVPILI,PVTKLPELDQPSSNGRKSSLQKLPVIIGISLGSVFFIAVLTLSLVYVYCIKLKRLNR
TRF_33,MAIFFLPSISHALFVAFMLFFLTNISAQPLQISETNFSCKADSPPSCETYV,TYFAKSSNFLSLTNISDIFDMSPLSIAKASNIEDEDKKLIQGQVLLV,PVTCGCARNRYFANF,TYTIKLGDNYFIVSTNQYQNLTNYKEMEDFNPNLSPNLLPQDIKIVV,PLFCKCPSKNQLNKGIKYLI,TYVWQANDNITLVSSKFGASEADMFAENSQKFTAETNVPILI,PVTKLPELDQPSSNGRKSSLQKLPVIIGISLGSVFFIAVLTLSLVYVYCIKLKRLNR
TRF_34,MPIFFLPSSSHALFLAFMLFFLTNISAQPLQISETNFSCTANSPPSCDTYV,TYFAKSPNFLSLTNISDIFDMSPLSISKASNIEDEDKKLIQGQVLLV,PVTCGCARNRYFANF,TYTIKLGDNYFIVSTTQYQNLTNSKEMEDFNPNLSPNLLPQDIKVVV,PLFCKCPSKNQLNKGIKYLI,TYVWQANDNITLVSSKFGASQADMFAENSQKFTAETNVPILI,PVTKLPELDQPSSNGGKSSIQKLPVIIGISLGSIFFIVVLTVSLVYVYCLKRKRLNR
TRF_35,MAIFFFPSISHALFVAFMLFFLTNISAQPLQISETNFSCKADSPPSCETYV,TYFAKSSNFLSLTNISDIFDMSPLSIAKASNIEDEDKKLIQGQVLLV,PVTCGCARNRYFANF,TYTIKLGDNYFIVSTNQYQNLTNYKEMEDFNPNLSPNLLPQDIKIVV,PLFCKCPSKNQLNKGIKYLI,TYVWQANDNITLVSSKFGASEADMFAENSQKFTAETNVPILI,PVTKLPELDQPSSNGRKSSLQKLPVIIGISLGSVFFIAVLTLSLVYVYCIKLKRLNR
TRF_36,MAIFFFPSISHALFVAFMLFFLTNISAQPLQISETNFSCKADSPPSCETYV,TYFAKSSNFLSLTNISDIFDMSPLSIAKASNIEDEDKKLIQGQVLLV,PVTCGCARNRYFANF,TYTIKLGDNYFIVSTNQYQNLTNYKEMEDFNPNLSPNLLPQDIKIVV,PLFCKCPSKNQLNKGIKYLI,TYVWQANDNITLVSSKFGASEADMFAENSQKFTAETNVPILI,PVTKLPELDQPSSNGRKSSLQKLPVIIGISLGSVFFIAVLTLSLVYVYCIKLKRLNR
TRF_37,MAIFFFPSISHALFVAFMLFFLTNISAQPLQISETNFSCKADSPPSCETYV,TYFAKSSNFLSLTNISDIFDMSPLSIAKASNIEDEDKKLIQGQVLLV,PVTCGCARNRYFANF,TYTIKLGDNYFIVSTNQYQNLTNYKEMEDFNPNLSPNLLPQDIKIVV,PLFCKCPSKNQLNKGIKYLI,TYVWQANDNITLVSSKFGASEADMFAENSQKFTAETNVPILI,PVTKLPELDQPSSNGRKSSLQKLPVIIGISLGSVFFIAVLTLSLVYVYCIKLKRLNR
TRF_38,MAIFFFPSISHALFVAFMLFFLTNISAQPLQISETNFSCKADSPPSCETYV,TYFAKSSNFLSLTNISDIFDMSPLSIAKASNIEDEDKKLIQGQVLLV,PVTCGCARNRYFANF,TYTIKLGDNYFIVSTNQYQNLTNYKEMEDFNPNLSPNLLPQDIKIVV,PLFCKCPSKNQLNKGIKYLI,TYVWQANDNITLVSSKFGASEADMFAENSQKFTAETNVPILI,PVTKLPELDQPSSNGRKSSLQKLPVIIGISLGSVFFIAVLTLSLVYVYCIKLKRLNR
TRF_39,MAIFFFPSISHALFVAFMLFFLTNISAQPLQISETNFSCKADSPPSCETYV,TYFAKSSNFLSLTNISDIFDMSPLSIAKASNIEDEDKKLIQGQVLLV,PVTCGCARNRYLANF,TYTIKLGDNYFIVSTTQYQNLTNSKEMEDFNPNLSPNLLPQDIKVVV,PLFCKCPSKNQLNKGIKYLI,TYVWQANDNITLVSSKFGASQADMFAENSQKFTAETNVPILI,PVTKLPELDQPSSNGGKSSIQKLPVIIGISLGSIFFIVVLTVSLVYVYCLKRKRLNR
TRF_40,MPIFFLPSSSYALFLAFMLFFLTNISAQPLQISETNFSCTANSPPSCDTYV,TYFAKSPNFLSLTNISDIFDMSPLSISKASNIEDEDKKLIQGQVLLV,PVTCGCARNRYFANF,TYTIKLGDNYFIVSTTQYQNLTNSKEMEDFNPNLSPNLLPQDIKVVV,PLFCKCPSKNQLNKGIKYLI,TYVWQANDNITLVSSKFGASQADMFAENSQKFTAETNVPILI,PVTKLPELDQPSSNGGKSSIQKLPVIIGISLGSIFFIVVLTVSLVYVYCLKRKRLNR
TRF_41,MAIFFFPSISHALFVAFMLFFLTNISAQPLQISETNFSCKADSPPSCETYV,TYFAKSSNFLSLTNISDIFDMSPLSIAKASNIEDEDKKLIQGQVLLV,PVTCGCARNRYFANF,TYTIKLGDNYFIVSTTQYQNLTNYKEMEDFNPNLSPNLLPQDIKIVV,PLFCKCPSKNQLNKGIKYLI,TYVWQANDNITLVSSKFGASEADMFAENSQKFTAETNVPILI,PVTKLPELDQPSSNGGKSSIQKLPVIIGISLGSIFFIVVLTVSLVYVYCLKRKRLNR
TRF_42,MPIFFLPSSSHALFLAFMLFFLTNISAQPLQISETNFSCTANSPPSCDTYV,TYFAKSTNFLSLTNISDIFDMSPLSISKASNIEDEDKKLIQGQVLLV,PVTCGCARNRYFANF,TYTIKLGDNYFIVSTNQYQNLTNYKEMEDFNPNLSPNLLPQDIKIVV,PLFCKCPSKNQLNKGIKYLI,TYVWQANDNITLVSSKFGASEADMFAENSQKFTAETNVPILI,PVTKLPELDQPSSNGRKSSLQKLPVIIGISLGSVFFIAVLTLSLVYVYCLKRKRLNR
TRF_43,MPIFFLPSSSHALFLAFMLFFLTNISAQPLQISETNFSCTANSPPSCDTYV,TYFAKSPNFLSLTNISDIFDMSPLSISKASNIEDEDKKLIQGQVLLV,PVTCGCARNRYFANF,TYTIKLGDNYFIVSTTQYQNLTNSKEMEDFNPNLSPNLLPQDIKVVV,PLFCKCPSKNQLNKGIKYLI,TYVWQANDNITLVSSKFGASQADMFAENSQKFTAETNVPILI,PVTKLPELDQPSSNGGKSSIQKLPVIIGISLGSIFFIVVLTVSLVYVYCLKRKRLNR
TRF_44,MAIFFFPSISHALFVAFMLFFLTNISAQPLQISETNFSCKADSPPSCETYV,TYFAKSSNFLSLTNISDIFDMSPLSIAKASNIEDEDKKLIQGQVLLV,PVTCGCARNRYFANF,TYTIKLGDNYFIVSTNQYQNLTNYKEMEDFNPNLSPNLLPQDIKIVV,PLFCKCPSKNQLNKGIKYLI,TYVWQANDNITLVSSKFGASEADMFAENSQKFTAETNVPILI,PVTKLPELDQPSSNGRKSSLQKLPVIIGISLGSVFFIAVLTLSLVYVYCIKLKRLNR
TRF_45,MAIFFFPSISHALFVAFMLFFLTNISAQPLQISETNFSCKADSPPSCETYV,TYFAKSSNFLSLTNISDIFDMSPLSIAKASNIEDEDKKLIQGQVLLV,PVTCGCARNRYFANF,TYTIKLGDNYFIVSTNQYQNLTNYKEMEDFNPNLSPNLLPQDIKIVV,PLFCKCPSKNQLNKGIKYLI,TYVWQANDNITLVSSKFGASEADMFAENSQKFTAETNVPILI,PVTKLPELDQPSSNGRKSSLQKLPVIIGISLGSVFFIAVLTLSLVYVYCIKLKRLNR
TRF_46,MAIFFFPSISHALFVAFMLFFLTNISAQPLQISETNFSCKADSPPSCETYV,TYFAKSSNFLSLTNISDIFDMSPLSIAKASNIEDEDKKLIQGQVLLV,PVTCGCARNRYFANF,TYTIKLGDNYFIVSTNQYQNLTNYKEMEDFNPNLSPNLLPQDIKIVV,PLFCKCPSKNQLNKGIKYLI,TYVWQANDNITLVSSKFGASEADMFAENSQKFTAETNVPILI,PVTKLPELDQPSSNGRKSSLQKLPVIIGISLGSVFFIAVLTLSLVYVYCIKLKRLNR
TRF_47,MAIFFFPSISHALFVAFMLFFLTNISAQPLQISETNFSCKADSPPSCETYV,TYFAKSSNFLSLTNISDIFDMSPLSIAKASNIEDEDKKLIQGQVLLV,PVTCGCARNRYFANF,TYTIKLGDNYFIVSTNQYQNLTNYKEMEDFNPNLSPNLLPQDIKIVV,PLFCKCPSKNQLNKGIKYLI,TYVWQANDNITLVSSKFGASEADMFAENSQKFTAETNVPILI,PVTKLPELDQPSSNGRKSSLQKLPVIIGISLGSVFFIAVLTLSLVYVYCIKLKRLNR
TRF_48,MAIFFFPSISHALFVAFMLFFLTNISAQPLQISETNFSCKADSPPSCETYV,TYFAKSSNFLSLTNISDIFDMSPLSIAKASNIEDEDKKLIQGQVLLV,PVTCGCARNRYFANF,TYTIKLGDNYFIVSTTQYQNLTNSKEMEDFNPNLSPNLLPQDIKVVV,PLFCKCPSKNQLNKGIKYLI,TYVWQANDNITLVSSKFGASQADMFAENSQKFTAETNVPILI,PVTKLPELDQPSSNGGKSSIQKLPVIIGISLGSIFFIVVLTVSLVYVYCLKRKRLNR
TRF_49,MPIFFLPSSSHALFLAFMLFFLTNISAQPLQISETNFSCTANSPPSCDTYV,TYFAKSPNFLSLTNISDIFDMSPLSISKASNIEDEDKKLIQGQVLLV,PVTCGCARNRYFANF,TYTIKLGDNYFIVSTTQYQNLTNSKEMEDFNPNLSPNLLPQDIKVVV,PLFCKCPSKNQLNKGIKYLI,TYVWQANDNITLVSSKFGASQADMFAENSQKFTAETNVPILI,PVTKLPELDQPSSNGGKSSIQKLPVIIGISLGSIFFIVVLTVSLVYVYCLKRKRLNR
TRF_50,MAIFFFPSISHALFVAFMLFFLTNISAQPLQISETNFSCKADSPPSCETYV,TYFAKSSNFLSLTNISDIFDMSPLSIAKASNIEDEDKKLIQGQVLLV,PVTCGCARNRYFANF,TYTIKLGDNYFIVSTNQYQNLTNYKEMEDFNPNLSPNLLPQDIKIVV,PLFCKCPSKNQLNKGIKYLI,TYVWQANDNITLVSSKFGASEADMFAENSQKFTAETNVPILI,PVTKLPELDQPSSNGRKSSLQKLPVIIGISLGSVFFIAVLTLSLVYVYCIKLKRLNR
TRF_51,MAIFFFPSISHALFVAFMLFFLTNISAQPLQISETNFSCKADSPPSCETYV,TYFAKSSNFLSLTNISDIFDMSPLSIAKASNIEDEDKKLIQGQVLLV,PVTCGCARNRYFANF,TYTIKLGDNYFIVSTNQYQNLTNYKEMEDFNPNLSPNLLPQDIKIVV,PLFCKCPSKNQLNKGIKYLI,TYVWQANDNITLVSSKFGASEADMFAENSQKFTAETNVPILI,PVTKLPELDQPSSNGGKSSIQKLPVIIGISLGSIFFIVVLTVSLVYVYCLKRKRLNR
TRF_52,MAIFFFPSISHALFVAFMLFFLTNISAQPLQISETNFSCKADSPPSCETYV,TYFAKSSNFLSLANISDIFDMSPLSISKASNIEDEDKKLIQGQVLLV,PVTCGCARNRYFANF,TYTIKLGDNYFIVSTTQYQNLTNSKEMEDFNPNLSPNLLPQDIKIVV,PLFCKCPSKNQLNKGIKYLI,TYVWQANDNITLVSSKFGASEADMFAENSQKFTAETNVPILI,PVTKLPELDQPSSNGRKSSFQKLPVIIGISLGSVFFIAVLTLSLVYVYCIKLKRLNR
TRF_53,MAIFFFPSISHALFVAFMLFFLTNISAQPLQISETNFSCKADSPPSCETYV,TYFAKSSNFLSLTNISDIFDMSPLSIAKASNIEDEDKKLIQGQVLLV,PVTCGCARNRYFANF,TYTIKLGDNYFIVSTNQYQNLTNYKEMEDFNPNLSPNLLPQDIKIVV,PLFCKCPSKNQLNKGIKYLI,TYVWQANDNITLVSSKFGASEADMFAENSQKFTAETNVPILI,PVTKLPELDQPSSNGRKSSLQKLPVIIGISLGSVFFIAVLTLSLVYVYCIKLKRLNR
TRF_54,MAIFFFPSISHALFVAFMLFFLTNISAQPLQISETNFSCKADSPPSCETYV,TYFAKSSNFLSLTNISDIFDMSPLSIAKASNIEDEDKKLIQGQVLLV,PVTCGCARNRYFANF,TYTIKLGDNYFIVSTNQYQNLTNYKEMEDFNPNLSPNLLPQDIKIVV,PLFCKCPSKNQLNKGIKYLI,TYVWQANDNITLVSSKFGASEADMFAENSQKFTAETNVPILI,PVTKLPELDQPSSNGRKSSLQKLPVIIGISLGSVFFIAVLTLSLVYVYCIKLKRLNR
TRF_55,MAIFFFPSISHALFVAFMLFFLTNISAQPLQISETNFSCKADSPPSCETYV,TYFAKSSNFLSLTNISDIFDMSPLSIAKASNIEDEDKKLIQGQVLLV,PVTCGCARNRYFANF,TYTIKLGDNYFIVSTNQYQNLTNYKEMEDFNPNLSPNLLPQDIKIVV,PLFCKCPSKNQLNKGIKYLI,TYVWQANDNITLVSSKFGASEADMFAENSQKFTAETNVPILI,PVTKLPELDQPSSNGRKSSLQKLPVIIGISLGSVFFIAVLTLSLVYVYCIKLKRLNR
TRF_56,MPIFFLPSSSYALFLAFMLFFLTNISAQPLQISETNFSCTANSPPSCDTYV,TYFAKSTNFLSLTNISDIFDMSPLSISKASNIEDEDKKLIQGQVLLV,PVTCGCARNRYFANF,TYTIKLGDNYFIVSTTQYQNLTNSKEMEDFNPNLSPNLLPQDIKVVV,PLFCKCPSKNQLNKGIKYLI,TYVWQANDNITLVSSKFGASQADMFAENSQKFTAETNVPILI,PVTKLPELDQPSSNGGKSSIQKLPVIIGISLGSIFFIVVLTVSLVYVYCLKRKRLNR
TRF_57,MPIFFLPSSSHALFLAFMLFFLTNISAQPLQISETNFSCTANSPPSCDTYV,TYFAKSPNFLSLTNISDIFDMSPLSIAKASNIEDEDKKLIQGQVLLV,PVTCGCARNRYFANF,TYTIKLGDNYFIVSTNQYQNLTNYKEMEDFNPNLSPNLLPQDIKIVV,PLFCKCPSKNQLNKGIKYLI,TYVWQANDNITLVSSKFGASQADMFAENSQKFTAETNVPILI,PVTKLPELDQPSSNGGKSSIQKLPVIIGISLGSIFFIVVLTVSLVYVYCLKRKRLNR
TRF_58,MPIFFLPSSSYALFLAFMLFFLTNISAQPLQISETNFSCTANSPPSCDTYV,TYFAKSPNFLSLTNISDIFDMSPLSISKASNIEDEDKKLIQGQVLLV,PVTCGCARNRYFANF,TYTIKLGDNYFIVSTTQYQNLTNSKEMEDFNPNLSPNLLPQDIKVVV,PLFCKCPSKNQLNKGIKYLI,TYVWQANDNITLVSSKFGASEADMFAENSQKFTAETNVPILI,PVTKLPELDQPSSNGRKSSLQKLPVIIGISLGSVFFIAVLTLSLVYVYCIKLKRLNR
TRF_59,MPIFFLPSSSYALFLAFMLFFLTNISAQPLQISETNFSCTANSPPSCDTYV,TYFAKSPNFLSLTNISDIFDMSPLSISKASNIEDEDKKLIQGQVLLV,PVTCGCARNRYFANF,TYTIKLGDNYFIVSTTQYQNLTNSKEMEDFNPNLSPNLLPQDIKVVV,PLFCKCPSKNQLNKGIKYLI,TYVWQANDNITLVSSKFGASQADMFAENSQKFTAETNVPILI,PVTKLPELDQPSSNGGKSSIQKLPVIIGISLGSIFFIVVLTVSLVYVYCLKRKRLNR
TRF_60,MPIFFLPSISHALFLAFMLFFLTNISAQPLQISETNFSCTANSPPSCDTYV,TYFAKSPNFLSLTNISDIFDMSPLSISKASNIEDEDKKLIQGQVLLV,PVTCGCARNRYFANF,TYTIKLGDNYFIVSTTQYQNLTNSKEMEDFNPNLSPNLLPQDIKVVV,PLFCKCPSKNQLNKGIKYLI,TYVWQANDNITLVSSKFGASQADMFAENSQKFTAETNVPILI,PVTKLPELDQPSSNGGKSSIQKLPVIIGISLGSIFFIVVLTVSLVYVYCLKRKRLNR
TRF_61,MPIFFLPSSSYALFLAFMLFFLTNISAQPLQISETNFSCTANSPPSCDTYV,TYFAKSPNFLSLTNISDIFDMSPLSISKASNIEDEDKKLIQGQVLLV,PVTCGCARNRYFANF,TYTIKLGDNYFIVSTTQYQNLTNSKEMEDFNPNLSPNLLPQDIKVVV,PLFCKCPSKNQLNKGIKYLI,TYVWQANDNITLVSSKFGASQADMFAENSQKFTAETNVPILI,PVTKLPELDQPSSNGGKSSIQKLPVIIGISLGSIFFIVVLTVSLVYVYCLKRKRLNR
TRF_62,MAIFFFPSISHALFVAFMLFFLTNISAQPLQISETNFSCKADSPPSCETYV,TYFAKSSNFLSLTNISDIFDMSPLSIAKASNIEDEDKKLIQGQVLLV,PVTCGCARNRYFANF,TYTIKLGDNYFIVSTNQYQNLTNYKEMEDFNPNLSPNLLPQDIKIVV,PLFCKCPSKNQLNKGIKYLI,TYVWQANDNITLVSSKFGASEADMFAENSQKFTAETNVPILI,PVTKLPELDQPSSNGRKSSLQKLPVIIGISLGSVFFIAVLTLSLVYVYCIKLKRLNR
TRF_63,MAIFFFPSISHALFVAFMLFFLTNISAQPLQISETNFSCKADSPPSCETYV,TYFAKSSNFLSLTNISDIFDMSPLSIAKASNIEDEDKKLIQGQVLLV,PVTCGCARNRYFANF,TYTIKLGDNYFIVSTNQYQNLTNYKEMEDFNPNLSPNLLPQDIKIVV,PLFCKCPSKNQLNKGIKYLI,TYVWQANDNITLVSSKFGASEADMFAENSQKFTAETNVPILI,PVTKLPELDQPSSNGGKSSIQKLPVIIGISLGSIFFIVVLTVSLVYVYCLKRKRLNR
TRF_64,MAIFFFPSISHALFVAFMLFFLTNISAQPLQISETNFSCKADSPPSCETYV,TYFAKSSNFLSLTNISDIFDMSPLSIAKASNIEDEDKKLIQGQVLLV,PVTCGCARNRYFANF,TYTIKLGDNYFIVSTNQYQNLTNYKEMEDFNPNLSPNLLPQDIKIVV,PLFCKCPSKNQLNKGIKYLI,TYVWQANDNITLVSSKFGASEADMFAENSQKFTAETNVPILI,PVTKLPELDQPSSNGRKSSLQKLPVIIGISLGSVFFIAVLTLSLVYVYCIKLKRLNR
TRF_65,MPIFFLPSSSYALFLAFMLFFLTNISAQPLQISETNFSCTANSPPSCDTYV,TYFAKSPNFLSLTNISDIFDMSPLSISKASNIEDEDKKLIQGQVLLV,PVTCGCARNRYFANF,TYTIKLGDNYFIVSTTQYQNLTNSKEMEDFNPNLSPNLLPQDIKVVV,PLFCKCPSKNQLNKGIKYLI,TYVWQANDNITLVSSKFGASQADMFAENSQKFTAETNVPILI,PVTKLPELDQPSSNGGKSSIQKLPVIIGISLGSIFFIVVLTVSLVYVYCLKRKRLNR
TRF_66,MPIFFLPSSSHALFLAFMLFFLTNISAQPLQISETNFSCTANSPPSCDTYV,TYFAKSPNFLSLTNISDIFDMSPLSISKASNIEDEDKKLIQGQVLLV,PVTCGCARNRYFANF,TYTIKLGDNYFIVSTTQYQNLTNSKEMEDFNPNLSPNLLPQDIKVVV,PLFCKCPSKNQLNKGIKYLI,TYVWQANDNITLVSSKFGASQADMFAENSQKFTAETNVPILI,PVTKLPELDQPSSNGGKSSIQKLPVIIGISLGSIFFIVVLTVSLVYVYCLKRKRLNR
TRF_67,MAIFFFPSISHALFVAFMLFFLTNISAQPLQISETNFSCKADSPPSCETYV,TYFAKSSNFLSLTNISDIFDMSPLSISKASNIEDKDKKLIQGQVLLV,PVTCGCARNRYFANF,TYTIKLGDNYFIVSTTQYQNLTNSKEMEDFNPNLSPNLLPQDIKVVV,PLFCKCPSKNQLNKGIKYLI,TYVWQANDNITLVSSKFGASQADMFAENSQKFTAETNVPILI,PVTKLPELDQPSSNGGKSSIQKLPVIIGISLGSIFFIVVLTVSLVYVYCLKRKRLNR
TRF_68,MPIFFLPSSSHALFLAFMLFFLTNISAQPLQISETNFSCTANSPPSCDTYV,TYFAKSPNFLSLTNISDIFDMSPLSISKASNIEDEDKKLIQGQVLLV,PVTCGCARNRYFANF,TYTIKLGDNYFIVSTTQYQNLTNSKEMEDFNPNLSPNLLPQDIKVVV,PLFCKCPSKNQLNKGIKYLI,TYVWQANDNITLVSSKFGASQADMFAENSQKFTAETNVPILI,PVTKLPELDQPSSNGGKSSIQKLPVIIGISLGSIFFIVVLTVSLVYVYCLKRKRLNR
TRF_69,MAIFFFPSISHALFVAFMLFFLTNISAQPLQISETNFSCKADSPPSCETYV,TYFAKSSNFLSLTNISDIFDMSPLSIAKASNIEDEDKKLIQGQVLLV,PVTCGCARNRYFANF,TYTIKLGDNYFIVSTNQYQNLTNYKEMEDFNPNLSPNLLPQDIKIVV,PLFCKCPSKNQLNKGIKYLI,TYVWQANDNITLVSSKFGASEADMFAENSQKFTAETNVPILI,PVTKLPELDQPSSNGRKSSLQKLPVIIGISLGSIFFIVVLTVSLVYVYCLKRKRLNR
TRF_70,MPIFFLPSSSHALFLAFMLFFLTNISAQPLQISETNFSCTANSPPSCDTYV,TYFAKSPNFLSLTNISDIFDMSPLSISKASNIEDEDKKLIQGQVLLV,PVTCGCARNRYFANF,TYTIKLGDNYFIVSTTQYQNLTNSKEMEDFNPNLSPNLLPQDIKVVV,PLFCKCPSKNQLNKGIKYLI,TYVWQANDNITLVSSKFGASQADMFAENSQKFTAETNVPILI,PVTKLPELDQPSSNGGKSSIQKLPVIIGISLGSIFFIVVLTVSLVYVYCLKRKRLNR
TRF_71,MAIFFFPSISHALFVAFMLFFLTNISAQPLQISETNFSCKADSPPSCETYV,TYFAKSSNFLSLTNISDIFDMSPLSIAKASNIEDEDKKLIQGQVLLV,PVTCGCARNRYFANF,TYTIKLGDNYFIVSTTQYQNLTNSKEMEDFNPNLSPNLLPQDIKVVV,PLFCKCPSKNQLNKGIKYLI,TYVWQANDNITLVSSKFGASQADMFAENSQKFTAETNVPILI,PVTKLPELDQPSSNGGKSSIQKLPVIIGISLGSIFFIVVLTVSLVYVYCLKRKRLNR
TRF_72,MPIFFLPSSSYALFLAFMLFFLTNISAQPLQISETNFSCTANSPPSCDTYV,TYFAKSTNFLSLTNISDIFDMSPLSISKASNIEDEDKKLIQGQVLLV,PVTCGCARNRYFANF,TYTIKLGDNYFIVSTTQYQNLTNSKEMEDFNPNLSPNLLPQDIKVVV,PLFCKCPSKNQLNKGIKYLI,TYVWQANDNITLVSSKFGASQADMFAENSQKFTAETNVPILI,PVTKLPELDQPSSNGGKSSIQKLPVIIGISLGSIFFIVVLTVSLVYVYCLKRKRLNR
TRF_73,MAIFFFPSISHALFVAFMLFFLTNISAQPLQISETNFSCKADSPPSCETYV,TYFAKSSNFLSLTNISDIFDMSPLSIAKASNIEDEDKKLIQGQVLLV,PVTCGCARNRYFANF,TYTIKLGDNYFIVSTNQYQNLTNYKEMEDFNPNLSPNLLPQDIKIVV,PLFCKCPSKNQLNKGIKYLI,TYVWQANDNITLVSSKFGASEADMFAENSQKFTAETNVPILI,PVTKLPELDQPSSNGRKSSLQKLPVIIGISLGSVFFIAVLTLSLVYVYCIKLKRLNR
TRF_74,MPIFFLPSSSHALFLAFMLFFLTNISAQPLQISETNFSCTANSPPSCDTYV,TYFAKSPNFLSLTNISDIFDMSPLSISKASNIEDEDKKLIQGQVLLV,PVTCGCARNRYFANF,TYTIKLGDNYFIVSTTQYQNLTNSKEMEDFNPNLSPNLLPQDIKVVV,PLFCKCPSKNQLNKGIKYLI,TYVWQANDNITLVSSKFGASQADMFAENSQKFTAETNVPILI,PVTKLPELDQPSSNGGKSSIQKLPVIIGISLGSIFFIVVLTVSLVYVYCLKRKRLNR
TRF_75,MAIFFFPSISHALFVAFMLFFLTNISAQPLQISETNFSCKADSPPSCETYV,TYFAKSSNFLSLTNISDIFDMSPLSIAKASNIEDEDKKLIQGQVLLV,PVTCGCARNRYFANF,TYTIKLGDNYFIVSTNQYQNLTNYKEMEDFNPNLSPNLLPQDIKIVV,PLFCKCPSKNQLNKGIKYLI,TYVWQANDNITLVSSKFGASEADMFAENSQKFTAETNVPILI,PVTKLPELDQPSSNGRKSSLQKLPVIIGISLGSVFFIAVLTLSLVYVYCIKLKRLNR
TRF_76,MAIFFFPSISHALFVAFMLFFLTNISAQPLQISETNFSCKADSPPSCETYV,TYFAKSSNFLSLTNISDIFDMSPLSIAKASNIEDEDKKLIQGQVLLV,PVTCGCARNRYFANF,TYTIKLGDNYFIVSTNQYQNLTNYKEMEDFNPNLSPNLLPQDIKIVV,PLFCKCPSKNQLNKGIKYLI,TYVWQANDNITLVSSKFGASEADMFAENSQKFTAETNVPILI,PVTKLPELDQPSSNGRKSSLQKLPVIIGISLGSVFFIAVLTLSLVYVYCIKLKRLNR
TRF_77,MAIFFFPSISHALFVAFMLFFLTNISAQPLQISETNFSCKADSPPSCETYV,TYFAKSSNFLSLTNISDIFDMSPLSIAKASNIEDEDKKLIQGQVLLV,PVTCGCARNRYFANF,TYTIKLGDNYFIVSTNQYQNLTNYKEMEDFNPNLSPNLLPQDIKIVV,PLFCKCPSKNQLNKGIKYLI,TYVWQANDNITLVSSKFGASEADMFTENSQKFTAETNVPILI,PVTKLPELDQPSSNGRKSSLQKLPVIIGISLGSVFFIAVLTLSLVYVYCIKLKRLNR
TRF_78,MPIFFLPSSSHALFLAFMLFFLTNISAQPLQISETNFSCTANSPPSCDTYV,TYFAKSPNFLSLTNISDIFDMSPLSISKASNIEDEDKKLIQGQVLLV,PVTCGCARNRYFANF,TYTIKLGDNYFIVSTTQYQNLTNSKEMEDFNPNLSPNLLPQDIKVVV,PLFCKCPSKNQLNKGIKYLI,TYVWQANDNITLVSSKFGASQADMFAENSQKFTAETNVPILI,PVTKLPELDQPSSNGGKSSIQKLPVIIGISLGSIFFIVVLTVSLVYVYCLKRKRLNR
TRF_79,MPIFFLPSSSHALFLAFMLFFLTNISAQPLQISETNFSCTANSPPSCDTYV,TYFAKSPNFLSLTNISDIFDMSPLSISKASNIEDEDKKLIQGQVLLV,PVTCGCARNRYFANF,TYTIKLGDNYFIVSTTQYQNLTNSKEMEDFNPNLSPNLLPQDIKVVV,PLFCKCPSKNQLNKGIKYLI,TYVWQANDNITLVSSKFGASQADMFAENSQKFTAETNVPILI,PVTKLPELDQPSSNGGKSSIQKLPVIIGISLGSIFFIVVLTVSLVYVYCLKRKRLNR
TRF_80,MAIFFFPSISHALFVAFMLFFLTNISAQPLQISETNFSCKADSPPSCETYV,TYFAKSSNFLSLTNISDIFDMSPLSIAKASNIEDEDKKLIQGQVLLV,PVTCGCARNRYFANF,TYTIKLGDNYFIVSTNQYQNLTNYKEMEDFNPNLSPNLLPQDIKIVV,PLFCKCPSKNQLNKGIKYLI,TYVWQANDNITLVSSKFGASEADMFAENSQKFTAETNVPILI,PVTKLPELDQPSSNGRKSSLQKLPVIIGISLGSVFFIAVLTLSLVYVYCIKLKRLNR
TRF_81,MAIFFFPSISHALFVAFMLFFLTNISAQPLQISETNFSCKADSPPSCETYV,TYFAKSSNFLSLTNISDIFDMSPLSIAKASNIEDEDKKLIQGQVLLV,PVTCGCARNRYFANF,TYTIKLGDNYFIVSTNQYQNLTNYKEMEDFNPNLSPNLLPQDIKIVV,PLFCKCPSKNQLNKGIKYLI,TYVWQANDNITLVSSKFGASEADMFAENSQKFTAETNVPILI,PVTKLPELDQPSSNGGKSSIQKLPVIIGISLGSIFFIVVLTVSLVYVYCLKRKRLNR
TRF_82,MAIFFFPSISHALFVAFMLFFLTNISAQPLQISETNFSCKADSPPSCETYV,TYFAKSSNFLSLTNISDIFDMSPLSIAKASNIEDEDKKLIQGQVLLV,PVTCGCARNRYFANF,TYTIKLGDNYFIVSTNQYQNLTNYKEMEDFNPNLSPNLLPQDIKIVV,PLFCKCPSKNQLNKGIKYLI,TYVWQANDNITLVSSKFGASEADMFAENSQKFTAETNVPILI,PVTKLPELDQPSSNGRKSSLQKLPVIIGISLGSVFFIAVLTLSLVYVYCIKLKRLNR
TRF_83,MPIFFLPSSSHALFLAFMLFFLTNISAQPLQISETNFSCTANSPPSCDTYV,TYFAKSPNFLSLTNISDIFDMSPLSISKASNIEDEDKKLIQGQVLLV,PVTCGCARNRYFANF,TYTIKLGDNYFIVSTTQYQNLTNSKEMEDFNPNLSPNLLPQDIKVVV,PLFCKCPSKNQLNKGIKYLI,TYVWQANDNITLVSSKFGASQADMFAENSQKFTAETNVPILI,PVTKLPELDQPSSNGGKSSIQKLPVIIGISLGSIFFIVVLTVSLVYVYCLKRKRLNR
TRF_84,MAIFFFPSISHALFVAFMLFFLTNISAQPLQISETNFSCKADSPPSCETYV,TYFAKSSNFLSLTNISDIFDMSPLSIAKASNIEDEDKKLIQGQVLLV,PVTCGCARNRYFANF,TYTIKLGDNYFIVSTNQYQNLTNYKEMEDFNPNLSPNLLPQDIKIVV,PLFCKCPSKNQLNKGIKYLI,TYVWQANDNITLVSSKFGASQADMFAENSQKFTAETNVPILI,PVTKLPELDQPSSNGGKSSIQKLPVIIGISLGSIFFIVVLTVSLVYVYCLKRKRLNR
TRF_85,MAIFFFPSISHALFVAFMLFFLTNISAQPLQISETNFSCTANSPPSCDTYV,TYFAKSPNFLSLTNISDIFDMSPLSISKASNIEDEDKKLIQGQVLLV,PVTCGCARNRYFANF,TYTIKLGDNYFIVSTNQYQNLTNYKEMEDFNPNLSPNLLPQDIKIVV,PLFCKCPSKNQLNKGIKYLI,TYVWQANDNITLVSSKFGASEADMFAENSQKFTAETNVPILI,PVTKLPELDQPSSNGRKSSLQKLPVIIGISLGSVFFIAVLTLSLVYVYCIKLKRLNR
TRF_86,MPIFFLPSSSYALFLAFMLFFLTNISAQPLQISETNFSCTANSPPSCDTYV,TYFAKSTNFLSLTNISDIFDMSPLSISKASNIEDEDKKLIQGQVLLV,PVTCGCARNRYFANF,TYTIKLGDNYFIVSTTQYQNLTNSKEMEDFNPNLSPNLLPQDIKVVV,PLFCKCPSKNQLNKGIKYLI,TYVWQANDNITLVSSKFGASQADMFAENSQKFTAETNVPILI,PVTKLPELDQPSSNGGKSSIQKLPVIIGISLGSIFFIVVLTVSLVYVYCLKRKRLNR
TRF_87,MAIFFFPSISHALFVAFMLFFLTNISAQPLQISETNFSCKADSPPSCETYV,TYFAKSSNFLSLANISDIFDMSPLSIAKASNIEDEDKKLIQGQVLLV,PVTCGCARNRYFANF,TYTIKLGDNYFIVSTNQYQNLTNYKEMEDFNPNLSPNLLPQDIKIVV,PLFCKCPSKNQLNKGIKYLI,TYVWQANDNITLVSSKFGASEADMFAENSQKFTAETNVPILI,PVTKLPELDQPSSNGRKSSLQKLPVIIGISLGSVFFIAVLTLSLVYVYCIKLKRLNR
TRF_88,MAIFFFPSISYALFLAFMLFFLTNISAQPLQISETNFSCTANSPPSCDTYV,TYFAKSPNFLSLTNISDIFDMSPLSISKASNIEDEDKKLIQGQVLLV,PVTCGCARNRYFANF,TYTIKLGDNYFIVSTTQYQNLTNSKEMEDFNPNLSPNLLPQDIKVVV,PLFCKCPSKNQLNKGIKYLI,TYVWQANDNITLVSSKFGASQADMFAENSQKFTAETNVPILI,PVTKLPELDQPSSNGGKSSIQKLPVIIGISLGSIFFIVVLTVSLVYVYCLKRKRLNR
TRF_89,MAIFFFPSISHALFVAFMLFFLTNISAQPLQISETNFSCTANSPPSCDTYV,TYFAKSPNFLSLTNISDIFDMSPLSISKASNIEDEDKKLIQGQVLLV,PVTCGCARNRYFANF,TYTIKLGDNYFIVSTTQYQNLTNSKEMEDFNPNLSPNLLPQDIKVVV,PLFCKCPSKNQLNKGIKYLI,TYVWQANDNITLVSSKFGASQADMFAENSQKFTAETNVPILI,PVTKLPELDQPSSNGGKSSIQKLPVIIGISLGSIFFIVVLTVSLVYVYCLKRKRLNR
TRF_90,MPIFFLPSSSHALFLAFMLFFLTNISAQPLQISETNFSCTANSPPSCDTYV,TYFAKSPNFLSLTNISDIFDMSPLSISKASNIEDEDKKLIQGQVLLV,PVTCGCARNRYFANF,TYTIKLGDNYFIVSTTQYQNLTNSKEMEDFNPNLSPNLLPQDIKVVV,PLFCKCPSKNQLNKGIKYLI,TYVWQANDNITLVSSKFGASEADMFAENSQKFTAETNVPILI,PVTKLPELDQPSSNGGKSSIQKLPVIIGISLGSIFFIVVLTVSLVYVYCLKRKRLNR
TRF_91,MAIFFFPSISHALFVAFMLFFLTNISAQPLQISETNFSCKADSPPSCETYV,TYFAKSSNFLSLTNISDIFDMSPLSIAKASNIEDEDKKLIQGQVLLV,PVTCGCARNRYFANF,TYTIKLGDNYFIVSTNQYQNLTNYKEMEDFNPNLSPNLLPQDIKIVV,PLFCKCPSKNQLNKGIKYLI,TYVWQANDNITLVSSKFGASEADMFTENSQKFTAETNVPILI,PVTKLPELDQPSSNGRKSSLQKLPVIIGISLGSVFFIAVLTLSLVYVYCIKLKRLNR
TRF_92,MAIFFFPSISHALFVAFMLFFLTNISAQPLQISETNFSCKADSPPSCETYV,TYFAKSSNFLSLTNISDIFDMSPLSIAKASNIEDEDKKLIQGQVLLV,PVTCGCARNRYFANF,TYTIKLGDNYFIVSTNQYQNLTNYKEMEDFNPNLSPNLLPQDIKIVV,PLFCKCPSKNQLNKGIKYLI,TYVWQANDNITLVSSKFGASEADMFAENSQKFTAETNVPILI,PVTKLPELDQPSSNGRKSSLQKLPVIIGISLGSVFFIAVLTLSLVYVYCIKLKRLNR
TRF_93,MAIFFFPSISHALFVAFMLFFLTNISAQPLQISETNFSCKADSPPSCETYV,TYFAKSSNFLSLTNISDIFDMSPLSIAKASNIEDEDKKLIQGQVLLV,PVTCGCARNRYFANF,TYTIKLGDNYFIVSTNQYQNLTNYKEMEDFNPNLSPNLLPQDIKIVV,PLFCKCPSKNQLNKGIKYLI,TYVWQANDNITLVSSKFGASEADMFAENSQKFTAETNVPILI,PVTKLPELDQPSSNGRKSSLQKLPVIIGISLGSVFFIAVLTLSLVYVYCIKLKRLNR
TRF_94,MAIFFFPSISHALFVAFMLFFLTNISAQPLQISETNFSCKADSPPSCETYV,TYFAKSSNFLSLTNISDIFDMSPLSIAKASNIEDEDKKLIQGQVLLV,PVTCGCARNRYFANF,TYTIKLGDNYFIVSTNQYQNLTNYKEMEDFNPNLSPNLLPQDIKIVV,PLFCKCPSKNQLNKGIKYLI,TYVWQANDNITLVSSKFGASEADMFAENSQKFTAETNVPILI,PVTKLPELDQPSSNGRKSSLQKLPVIIGISLGSVFFIAVLTLSLVYVYCIKLKRLNR
TRF_95,MAIFFFPSISHALFVAFMLFFLTNISAQPLQISETNFSCKADSPPSCETYV,TYFAKSSNFLSLANISDIFDMSPLSIAKASNIEDEDKKLIQGQVLLV,PVTCGCARNRYFANF,TYTIKLGDNYFIVSTNQYQNLTNYKEMEDFNPNLSPNLLPQDIKIVV,PLFCKCPSKNQLNKGIKYLI,TYVWQANDNITLVSSKFGASEADMFAENSQKFTAETNVPILI,PVTKLPELDQPSSNGRKSSLQKLPVIIGISLGSVFFIAVLTLSLVYVYCIKLKRLNR
TRF_96,MAIFFFPSISHALFVAFMLFFLTNISAQPLQISETNFSCKADSPPSCETYV,TYFAKSSNFLSLTNISDIFDMSPLSIAKASNIEDEDKKLIQGQVLLV,PVTCGCARNRYFANF,TYTIKLGDNYFIVSTNQYQNLTNYKEMEDFNPNLSPNLLPQDIKIVV,PLFCKCPSKNQLNKGIKYLI,TYVWQANDNITLVSSKFGASEADMFAENSQKFTAETNVPILI,PVTKLPELDQPSSNGRKSSLQKLPVIIGISLGSVFFIAVLTLSLVYVYCIKLKRLNR
TRF_97,MPIFFLPSSSHALFLAFMLFFLTNISAQPLQISETNFSCTANSPPSCDTYV,TYFAKSPNFLSLTNISDIFDMSPLSISKASNIEDEDKKLIQGQVLLV,PVTCGCARNRYFANF,TYTIKLGDNYFIVSTTQYQNLTNSKEMEDFNPNLSPNLLPQDIKVVV,PLFCKCPSKNQLNKGIKYLI,TYVWQANDNITLVSSKFGASQADMFAENSQKFTAETNVPILI,PVTKLPELDQPSSNGGKSSIQKLPVIIGISLGSIFFIVVLTVSLVYVYCLKRKRLNR
